date,ticker,lgbm_score,rf_score,linear_score,final_score,score
2021-09-08,META,0.5634840951220634,-0.004785294106960515,-0.0019280260167604604,0.2799208541255915,0.2799208541255915
2021-09-08,MSFT,0.14782809258085716,0.007620809948555009,0.020832431707249965,0.08036677561644508,0.08036677561644508
2021-09-08,GOOGL,0.9575468026603181,0.006184546446459508,-0.0026081500682181994,0.4801071352504533,0.4801071352504533
2021-09-08,NVDA,0.16504094519832696,0.0011847134624492317,-0.01629447988751052,0.07961699066039614,0.07961699066039614
2021-09-08,AMZN,0.7046488459918364,-0.0015741734925367671,0.016059684682343256,0.35506410788462583,0.35506410788462583
2021-09-08,AAPL,0.45004790655527027,0.001699867054617112,0.0058111878321699135,0.22669615096045426,0.22669615096045426
2021-09-09,AMZN,0.2126979908618573,-0.001640459996316819,0.011010607803577455,0.1080589789927491,0.1080589789927491
2021-09-09,META,0.5564818647843063,-0.008501418261032885,0.007939681254887688,0.2772784431648208,0.2772784431648208
2021-09-09,AAPL,0.7801021386597653,0.005373478892985615,0.004192431516757461,0.3925015993011298,0.3925015993011298
2021-09-09,GOOGL,0.9217500303947923,0.008235658270731904,-0.004739898112273829,0.462397733056161,0.462397733056161
2021-09-09,MSFT,0.24094587886389254,0.0069001820919251475,0.01786898280314385,0.12611679062015257,0.12611679062015257
2021-09-09,NVDA,0.14946214103221314,-0.0019910650448953585,-0.010288814045435656,0.07207598819355082,0.07207598819355082
2021-09-10,NVDA,0.340672051765549,-0.0003453212053036886,-0.006632300800129849,0.16890596936115743,0.16890596936115743
2021-09-10,GOOGL,0.9278271948981726,0.0036385564380321143,-0.009271559145820667,0.4631508525513318,0.4631508525513318
2021-09-10,MSFT,0.21886138882477912,0.008206907721870868,0.02281003010279819,0.11645477274951047,0.11645477274951047
2021-09-10,AMZN,0.6923418675836185,-0.0015741734925367671,0.01252170364290676,0.3482030224726296,0.3482030224726296
2021-09-10,META,0.8723828690380121,-0.005249526657426354,0.009283451050058294,0.4364732667317898,0.4364732667317898
2021-09-10,AAPL,0.44470587150694857,0.006833270096697143,0.0018521291078113355,0.2247733426040457,0.2247733426040457
2021-09-13,NVDA,0.6548715493230023,-0.003468929500832571,-0.00732429410935647,0.32493023698938006,0.32493023698938006
2021-09-13,GOOGL,0.9013278712256084,-0.0033581721818390724,-0.01092957216265028,0.4474705695257224,0.4474705695257224
2021-09-13,AMZN,0.39196710050679495,-0.003757526931212572,0.01893547446065364,0.19864338706616444,0.19864338706616444
2021-09-13,META,0.8629704164150976,-0.0011643845753162324,0.008374909746817056,0.43281087478431735,0.43281087478431735
2021-09-13,MSFT,0.5067993565212299,0.009799016736970933,0.017400864965580562,0.2598195562748223,0.2598195562748223
2021-09-13,AAPL,0.2072506809109603,0.006620117183379892,0.0052743267806559715,0.10666624096662532,0.10666624096662532
2021-09-14,MSFT,0.35582667348340663,0.012025050964001156,0.018843152211984023,0.18528948247330046,0.18528948247330046
2021-09-14,META,0.6565783401278048,-0.01368083041682599,0.00927151866497533,0.32603922467184965,0.32603922467184965
2021-09-14,GOOGL,0.9657784874871603,-0.0020343444608680056,-0.014888571331815871,0.4793012261389566,0.4793012261389566
2021-09-14,AMZN,0.15788945353369238,-0.003757526931212572,0.01785127640941448,0.08138772396936532,0.08138772396936532
2021-09-14,AAPL,0.7666105103237705,0.006833270096697143,0.009620474880115115,0.38727933116691743,0.38727933116691743
2021-09-14,NVDA,0.6122214988601825,-0.002585978249363726,-0.008906662354332861,0.30355362348441556,0.30355362348441556
2021-09-15,META,0.9172032653124482,-0.003677357387629765,0.01269834232105352,0.4600380939041459,0.4600380939041459
2021-09-15,AAPL,0.6501891304795642,0.006494464972367914,0.015089734668584475,0.3300608516652093,0.3300608516652093
2021-09-15,GOOGL,0.9422789041063908,-0.003123921686793755,-0.015845382490631853,0.4670331990490309,0.4670331990490309
2021-09-15,MSFT,0.9477789618191315,0.01193672287872847,0.016310999650228163,0.4807326977032299,0.4807326977032299
2021-09-15,AMZN,0.3133291782993741,-0.002561769826700813,0.014887957438795668,0.15887364968943596,0.15887364968943596
2021-09-15,NVDA,0.4456082980077586,-0.0035052415309964275,-0.005928351266856402,0.2205669062912091,0.2205669062912091
2021-09-16,AAPL,0.8912962096217669,0.012105865808304394,0.012753570199860282,0.4518305785933468,0.4518305785933468
2021-09-16,GOOGL,0.9571763632723347,-0.005601087240197249,-0.018511576047118283,0.47320554025468453,0.47320554025468453
2021-09-16,MSFT,0.9329180028375446,0.01193672287872847,0.011812232426271574,0.47240246476764514,0.47240246476764514
2021-09-16,NVDA,0.7750258018752002,-0.002585978249363726,4.928607006625483e-05,0.38674696467680425,0.38674696467680425
2021-09-16,META,0.6917011186585488,-0.006185297812335916,0.0074568295604726335,0.34548633589766814,0.34548633589766814
2021-09-16,AMZN,0.3111905133798072,-0.008414787662142795,0.016871952477358607,0.15644521088673247,0.15644521088673247
2021-09-17,GOOGL,0.9365593123403883,-0.0013103776988441878,-0.003452226256588548,0.46719609760922315,0.46719609760922315
2021-09-17,META,0.7318906602670409,-0.007358622396483559,6.571930946119159e-05,0.3637508872764676,0.3637508872764676
2021-09-17,NVDA,0.5057668856146962,-0.005806654847326223,-0.004470002632326992,0.25024744582668484,0.25024744582668484
2021-09-17,AAPL,0.893324334828802,0.012929813295252526,0.008895803615908594,0.4523202721261585,0.4523202721261585
2021-09-17,AMZN,0.25763083327267955,-0.008414787662142795,0.013985207382793808,0.1290880218142557,0.1290880218142557
2021-09-17,MSFT,0.9254977908102094,0.01193672287872847,0.012037524301466937,0.4687374171290167,0.4687374171290167
2021-09-20,AMZN,0.29406069573242377,-0.008414787662142795,0.013632344211405677,0.14723238040985018,0.14723238040985018
2021-09-20,GOOGL,0.9452808358424422,-0.000297207189697302,0.002025939959892111,0.4729564437562903,0.4729564437562903
2021-09-20,NVDA,0.5633327510839561,-0.005806654847326223,-0.003648954872018954,0.2791945881133764,0.2791945881133764
2021-09-20,MSFT,0.846241758741484,0.01193672287872847,0.015751930863236015,0.42985228240700774,0.42985228240700774
2021-09-20,AAPL,0.9402312090051174,0.01267415584592064,0.008033011126722058,0.4755244534816793,0.4755244534816793
2021-09-20,META,0.6915975254398286,-0.008844044799472777,0.009081529193110012,0.3449618551186945,0.3449618551186945
2021-09-21,META,0.5466859409102575,-0.00967474284518053,0.010215388972964897,0.2724836253961676,0.2724836253961676
2021-09-21,NVDA,0.6368893931028886,-0.004313299291351997,0.0009623384769871209,0.31734317445943616,0.31734317445943616
2021-09-21,MSFT,0.6774309952160105,0.011163091589202704,0.014974198199298476,0.3450592647246257,0.3450592647246257
2021-09-21,GOOGL,0.5459371770581787,-0.014379675838502309,-0.009209846414884515,0.26681271649456173,0.26681271649456173
2021-09-21,AMZN,0.398818929466085,-0.008103782270407036,0.014685468238767234,0.19991542369967383,0.19991542369967383
2021-09-21,AAPL,0.8182397373982736,0.012486232162886756,0.009601697250701037,0.414786077798143,0.414786077798143
2021-09-22,AAPL,0.6823689523925959,0.009118564585884604,0.009181623176067468,0.3457563702072768,0.3457563702072768
2021-09-22,MSFT,0.8176019593464426,0.011163091589202704,0.012897609702887917,0.4147294290905597,0.4147294290905597
2021-09-22,NVDA,0.7194656081399873,-0.00841302944349053,0.004313181697516067,0.3580715315764497,0.3580715315764497
2021-09-22,GOOGL,0.25921064654418696,-0.013303250720987356,-0.022078558464984098,0.12119863636280045,0.12119863636280045
2021-09-22,META,0.44098447674092,-0.006556495226943557,0.010087085959456421,0.2205427069942682,0.2205427069942682
2021-09-22,AMZN,0.1775994727504894,-0.0058268131391995565,0.012773174973778853,0.0896063274282406,0.0896063274282406
2021-09-23,GOOGL,0.13994567825799156,-0.014054265151282854,-0.020017698948699703,0.06175301979387099,0.06175301979387099
2021-09-23,NVDA,0.9339965353882899,-0.005598839528286178,0.003088243818385605,0.46593626459933624,0.46593626459933624
2021-09-23,META,0.24342830304716187,-0.006556495226943557,0.002055254353844122,0.1201582538262667,0.1201582538262667
2021-09-23,MSFT,0.7069857992395233,0.011163091589202704,0.017908557817752184,0.3604235386600729,0.3604235386600729
2021-09-23,AMZN,0.27388326667828294,-0.0010160821248957753,0.013111318720188314,0.1392590724457104,0.1392590724457104
2021-09-23,AAPL,0.5674391337156918,0.0010348081358637045,0.0013036830459816238,0.28429074590780135,0.28429074590780135
2021-09-24,NVDA,0.931715927045862,-0.007809824172578234,0.0007363874843962165,0.4636622937680368,0.4636622937680368
2021-09-24,META,0.19688299463405956,-0.006556495226943557,-0.0025374241671583275,0.09596706391551506,0.09596706391551506
2021-09-24,MSFT,0.9420152795775678,0.01193672287872847,0.022410763167944797,0.47907080928599144,0.47907080928599144
2021-09-24,AMZN,0.3608672437932986,-0.0010160821248957753,0.012984795104500133,0.1827257562800806,0.1827257562800806
2021-09-24,GOOGL,0.7127715801626072,-0.013830990835880397,-0.01131829063199405,0.34997283470414065,0.34997283470414065
2021-09-24,AAPL,0.7603737486847685,0.0010348081358637045,0.00341483417904837,0.381180283618953,0.381180283618953
2021-09-27,NVDA,0.5117025851051912,-0.002552252563846084,0.0030142276725158307,0.25568846231794495,0.25568846231794495
2021-09-27,META,0.2359104831877454,-0.005162779790618981,-0.0036095508909506037,0.11568449747849689,0.11568449747849689
2021-09-27,GOOGL,0.19474440027843884,-0.01836630417312244,-0.016714618329797905,0.0885193852213231,0.0885193852213231
2021-09-27,MSFT,0.6442477283627038,0.009375062681855608,0.024074892530358376,0.32975136149198025,0.32975136149198025
2021-09-27,AAPL,0.8678755438978017,0.0003744155151814305,0.0024763161151924694,0.4345453598264938,0.4345453598264938
2021-09-27,AMZN,0.22244832731949507,-0.0010160821248957753,0.010157452227338682,0.11295082946774655,0.11295082946774655
2021-09-28,GOOGL,0.15800940716752826,-0.019122384561829305,-0.012772609620241973,0.07071346629116694,0.07071346629116694
2021-09-28,AMZN,0.09363949006384849,-0.0010160821248957753,0.013411946693524928,0.0491973097331605,0.0491973097331605
2021-09-28,META,0.27881418672211356,-0.005162779790618981,-0.0010933533017352401,0.13763958876352403,0.13763958876352403
2021-09-28,NVDA,0.3052886790888164,-0.0036310174723109294,0.005981657717106658,0.15275136584613624,0.15275136584613624
2021-09-28,MSFT,0.4475975877386704,0.009375062681855608,0.021297650052388588,0.2308708426843696,0.2308708426843696
2021-09-28,AAPL,0.5183744719658855,0.0003744155151814305,0.0005241295697247629,0.2594043865514421,0.2594043865514421
2021-09-29,META,0.5553900740758145,-0.0036016628341461548,-0.006255190582493674,0.27536350007116467,0.27536350007116467
2021-09-29,NVDA,0.3440261454912761,-0.007926528904922315,0.002520517972714435,0.17013921766870424,0.17013921766870424
2021-09-29,MSFT,0.41212096100308754,0.009375062681855608,0.023262158066137663,0.213525430919328,0.213525430919328
2021-09-29,GOOGL,0.22803890607520277,-0.024915422410516353,-0.007878042234183797,0.10496921786760972,0.10496921786760972
2021-09-29,AMZN,0.14245414218993505,-0.0010160821248957753,0.01403993787894931,0.07373023403328866,0.07373023403328866
2021-09-29,AAPL,0.7840072507516963,0.0003744155151814305,-0.003475304989988144,0.3914208890324049,0.3914208890324049
2021-09-30,MSFT,0.30592741664745043,0.007808020023483901,0.024797914510652566,0.1602656972329009,0.1602656972329009
2021-09-30,GOOGL,0.5347571720685173,-0.017355564472185177,1.4156845417419642e-05,0.26217474806168656,0.26217474806168656
2021-09-30,AMZN,0.422964972256855,-0.002058368946033978,0.008788807602332676,0.21262273696508383,0.21262273696508383
2021-09-30,META,0.8920585841400653,-0.006703563066722864,-0.004310908371839592,0.4431560414756479,0.4431560414756479
2021-09-30,AAPL,0.556633771030157,-0.0012713283244102397,-0.004415062455283211,0.2770524745266988,0.2770524745266988
2021-09-30,NVDA,0.1831305192917383,-0.0037081223874450516,0.004213669691446816,0.091295556867925,0.091295556867925
2021-10-01,GOOGL,0.15988067742883275,-0.025895756939994807,-0.0017254904333466837,0.0718265135457486,0.0718265135457486
2021-10-01,META,0.9260351773348828,-0.006670503940681935,-0.0022515423304644844,0.46056612901914395,0.46056612901914395
2021-10-01,AMZN,0.516981641563749,-0.0009990288491129877,0.009892460836498298,0.2601696042944403,0.2601696042944403
2021-10-01,MSFT,0.2201192844797091,0.005340271086500957,0.022713949057746374,0.11620451337735412,0.11620451337735412
2021-10-01,NVDA,0.094432727515727,-0.0034258887650288916,0.001852863792851444,0.04655916988692512,0.04655916988692512
2021-10-01,AAPL,0.7072285989192129,2.5565378648673143e-05,0.0011178497702349728,0.353845539027248,0.353845539027248
2021-10-04,AMZN,0.30524964780149505,-0.002058368946033978,0.011812870826284233,0.15436988738219418,0.15436988738219418
2021-10-04,META,0.8835924478449191,-0.007680952857484137,0.00026123619286662,0.43954418530378764,0.43954418530378764
2021-10-04,NVDA,0.038523137921649554,-0.008008666484205566,0.00038866280524712474,0.016936701576612534,0.016936701576612534
2021-10-04,AAPL,0.6734365839269774,-0.0012713283244102397,-0.0027558267784340193,0.33578572811047885,0.33578572811047885
2021-10-04,GOOGL,0.407458168314049,-0.017055670614522504,0.001438794738066601,0.19890014192028108,0.19890014192028108
2021-10-04,MSFT,0.163979449901526,0.005340271086500957,0.02345363622505267,0.08828253352172381,0.08828253352172381
2021-10-05,AAPL,0.1823474928568926,0.002788988357962245,0.0002549409456981209,0.0920614311249746,0.0920614311249746
2021-10-05,META,0.9492696084439738,-0.0065348569040811575,-0.0013795120544297101,0.47239844473987663,0.47239844473987663
2021-10-05,GOOGL,0.4708062367579124,-0.017055670614522504,0.0038584209376594514,0.23105810138213134,0.23105810138213134
2021-10-05,MSFT,0.20342881043675015,0.008246365118096686,0.025158067809013487,0.10921992831560677,0.10921992831560677
2021-10-05,NVDA,0.05153605848886907,-0.010393153389823231,0.001270092658363738,0.022904101759160318,0.022904101759160318
2021-10-05,AMZN,0.03283467403649544,-0.010640858781472003,0.011652781007503906,0.015555635585306902,0.015555635585306902
2021-10-06,MSFT,0.30116942466548097,0.0013500812021250857,0.02156579078175651,0.1553028948497293,0.1553028948497293
2021-10-06,AMZN,0.6167154604644147,-0.013511956588507798,0.0020459296540030064,0.3047133291864556,0.3047133291864556
2021-10-06,NVDA,0.6049558412684347,0.003441753951570192,0.010175851249391611,0.30554561706956673,0.30554561706956673
2021-10-06,AAPL,0.02435526484538902,-0.015481311685338034,0.0014889158331960368,0.007831022083732308,0.007831022083732308
2021-10-06,META,0.4717334581646247,-0.0022362058717771928,0.0036643558987921668,0.2359287385005376,0.2359287385005376
2021-10-06,GOOGL,0.04976440956733847,-0.027483955014451566,0.014864644033756494,0.019609947086085065,0.019609947086085065
2021-10-07,AMZN,0.7143133164815325,-0.011838860561791438,-0.0006368192508375437,0.35347763622206135,0.35347763622206135
2021-10-07,GOOGL,0.08788524442399004,-0.030077598623408763,0.020937837361058965,0.039106910097184186,0.039106910097184186
2021-10-07,MSFT,0.22971596912395012,0.0013500812021250857,0.01969288347008284,0.11920158561662915,0.11920158561662915
2021-10-07,AAPL,0.1331312601260179,-0.006419273281615019,0.006889973416838835,0.06601784276189221,0.06601784276189221
2021-10-07,META,0.1617812268215957,-0.011051948402613927,0.002665065499641215,0.07810804198994192,0.07810804198994192
2021-10-07,NVDA,0.44476559528481774,0.0029515774672531324,0.00839905214353327,0.22494808131129146,0.22494808131129146
2021-10-08,MSFT,0.5995094054162905,0.0013500812021250857,0.01475996978748972,0.30311172102628076,0.30311172102628076
2021-10-08,META,0.10463363134812685,-0.009026658501667683,0.0034635242490466643,0.05030152297337245,0.05030152297337245
2021-10-08,AMZN,0.16572898874447187,-0.016328367201318597,0.0025461643221949826,0.07847521707627934,0.07847521707627934
2021-10-08,AAPL,0.5732328081176012,0.0036350000463149304,0.0149905206607585,0.2907050082048468,0.2907050082048468
2021-10-08,GOOGL,0.08713573161256628,-0.02904652251742944,0.018138047481041805,0.03848151854726267,0.03848151854726267
2021-10-08,NVDA,0.6798569596809582,0.004065464930275907,0.010941886072625782,0.343336496534087,0.343336496534087
2021-10-11,NVDA,0.5429022828770892,0.005883419497842031,0.005339150320215133,0.27428399735194026,0.27428399735194026
2021-10-11,META,0.1524784653705119,-0.013299170784110855,-0.0026159247702110533,0.07172629649598047,0.07172629649598047
2021-10-11,AMZN,0.20943193061150528,-0.013236874077344165,0.0047596907197160546,0.10169684122649261,0.10169684122649261
2021-10-11,MSFT,0.48465142831784896,0.0013500812021250857,0.013023089897399007,0.2453353564990418,0.2453353564990418
2021-10-11,GOOGL,0.4260652002739748,-0.026163302422621843,0.023779215210175304,0.20993945245223591,0.20993945245223591
2021-10-11,AAPL,0.7709832579898043,0.007917707246823624,0.010457916226261386,0.3899585244142015,0.3899585244142015
2021-10-12,META,0.32068668360353714,-0.015522408645818133,-0.0011885073178091766,0.1554489177444613,0.1554489177444613
2021-10-12,NVDA,0.5618323921378408,0.004808376672569735,-0.000702532867163097,0.28221820249725865,0.28221820249725865
2021-10-12,AAPL,0.6812938026156579,0.011171936515995505,0.0073630481007032,0.3454710918827682,0.3454710918827682
2021-10-12,AMZN,0.12740355279989332,-0.013997060923571178,0.009142925925698667,0.06133124330801504,0.06133124330801504
2021-10-12,GOOGL,0.5509318572624103,-0.02563787149550354,0.023022780418520437,0.2723791232662582,0.2723791232662582
2021-10-12,MSFT,0.47340392046412527,0.0013500812021250857,0.012674652225843252,0.2396419150378688,0.2396419150378688
2021-10-13,AMZN,0.20570937671586942,-0.008430545312467655,0.007746179982294852,0.10187476076065338,0.10187476076065338
2021-10-13,AAPL,0.5752294725933759,0.014034780489011425,0.012610970851894727,0.2943473646137703,0.2943473646137703
2021-10-13,META,0.5197302250398251,-0.02647200015150905,0.006659745600802038,0.25325546159462026,0.25325546159462026
2021-10-13,MSFT,0.7602061526671131,0.0013500812021250857,0.010849222377228612,0.3826779451696398,0.3826779451696398
2021-10-13,NVDA,0.6185158130817482,0.005883419497842031,0.0019428260182247636,0.31141149759387166,0.31141149759387166
2021-10-13,GOOGL,0.5852785251106561,-0.02563787149550354,0.029100781016223157,0.2907680573099216,0.2907680573099216
2021-10-14,AMZN,0.34967044906908795,-0.002114873399447887,0.011097872310551878,0.17642033697682,0.17642033697682
2021-10-14,META,0.1126168923701374,-0.02572609955335554,0.002573681552379338,0.049105352629537906,0.049105352629537906
2021-10-14,MSFT,0.7055312166502268,0.0013500812021250857,0.010951845760855623,0.3553610018379221,0.3553610018379221
2021-10-14,NVDA,0.5464493971024355,0.004808376672569735,-0.002961330002339819,0.27407494555252065,0.27407494555252065
2021-10-14,GOOGL,0.5434742698778805,-0.02563787149550354,0.023707750552334265,0.268787323600756,0.268787323600756
2021-10-14,AAPL,0.17527296878188295,0.00975628895916983,0.012267081365869306,0.09301678735186628,0.09301678735186628
2021-10-15,AMZN,0.6268700846754293,-0.00782908707113646,0.005175876140046651,0.312121491444383,0.312121491444383
2021-10-15,GOOGL,0.6259648880803946,-0.026163302422621843,0.015351804520411357,0.308203814217493,0.308203814217493
2021-10-15,META,0.14854395277000726,-0.021587064208634897,0.00846898519929496,0.06948965416227215,0.06948965416227215
2021-10-15,AAPL,0.48230167792145323,0.01182492198021564,0.013103270899571438,0.24731896973470557,0.24731896973470557
2021-10-15,MSFT,0.10864578261239942,0.004182795405343555,0.012489757492043525,0.05807568142621149,0.05807568142621149
2021-10-15,NVDA,0.7308432036628231,0.006464130799057259,-0.004813824436876196,0.3663980761837535,0.3663980761837535
2021-10-18,GOOGL,0.2547564117106202,-0.02810978384142032,0.017940942764541227,0.12253345925579223,0.12253345925579223
2021-10-18,AAPL,0.49717698279091327,0.010442823511280667,0.012877482218385042,0.2542968348925178,0.2542968348925178
2021-10-18,AMZN,0.48702495656767136,-0.00575059918189689,0.0019188600428618058,0.24217107053783898,0.24217107053783898
2021-10-18,META,0.17231290973857386,-0.0248986557326574,0.00756608547093433,0.08020007524367657,0.08020007524367657
2021-10-18,NVDA,0.6009415613594,0.003091512810856647,-0.004565054908339918,0.30048522354128904,0.30048522354128904
2021-10-18,MSFT,0.2634050061804658,0.006135274181200755,0.013843584836157163,0.13631180231182458,0.13631180231182458
2021-10-19,GOOGL,0.10276376528952255,-0.02714226527577176,0.014484705452727457,0.046136144152575234,0.046136144152575234
2021-10-19,AAPL,0.637457384617998,0.010442823511280667,0.015597670813301132,0.3249810735250434,0.3249810735250434
2021-10-19,AMZN,0.2645872727397864,-0.008961463140492273,-0.0010156133239700247,0.1294020747629515,0.1294020747629515
2021-10-19,META,0.3878804095957661,-0.021546661650033067,0.01001918351553514,0.18948004300598015,0.18948004300598015
2021-10-19,NVDA,0.8607570879692001,0.0065677556874413675,-0.003716763519474489,0.4316055179869376,0.4316055179869376
2021-10-19,MSFT,0.13488775755640173,0.006855062094937405,0.013193886818808728,0.07213917477044383,0.07213917477044383
2021-10-20,NVDA,0.8820977598244041,0.007204528070510552,-0.0017650199863223862,0.44285723433609075,0.44285723433609075
2021-10-20,AAPL,0.7811029057543812,0.009589074941089484,0.012878487723341766,0.3960038729041858,0.3960038729041858
2021-10-20,GOOGL,0.14559355822678896,-0.02810978384142032,0.010619246726270373,0.06648769330622245,0.06648769330622245
2021-10-20,META,0.46480227779232103,-0.019911642614773118,0.020608020036811187,0.23054925011909083,0.23054925011909083
2021-10-20,MSFT,0.08723943922279229,-0.0008232341097083463,0.008522147207662707,0.04507717882001618,0.04507717882001618
2021-10-20,AMZN,0.40633153397814376,-0.007742455696528522,0.00014795492315257744,0.20087262126474384,0.20087262126474384
2021-10-21,META,0.5279719148056871,-0.02863022673942328,0.01604569855712917,0.2586060290924424,0.2586060290924424
2021-10-21,AAPL,0.899105386636445,0.010790601744703017,0.014782390788183889,0.4557463519992702,0.4557463519992702
2021-10-21,NVDA,0.8838308203541522,0.007947439812804382,-0.004689457506760362,0.4433617506195653,0.4433617506195653
2021-10-21,AMZN,0.5356931166574315,-0.007742455696528522,0.001251978474897459,0.26577421731473666,0.26577421731473666
2021-10-21,GOOGL,0.17068261979372082,-0.02810978384142032,0.011092954984964789,0.07912696574142726,0.07912696574142726
2021-10-21,MSFT,0.1436098917442781,-0.0019907509919769293,0.0018685235059470694,0.07158142527573538,0.07158142527573538
2021-10-22,GOOGL,0.08603917455939057,-0.02714226527577176,0.0073336999790210924,0.036343647692767975,0.036343647692767975
2021-10-22,MSFT,0.15028804252292086,-0.012406443485379937,0.0015966485709830655,0.07174141793004306,0.07174141793004306
2021-10-22,AAPL,0.749842147428131,0.010790601744703017,0.01527798387006497,0.38121385101148947,0.38121385101148947
2021-10-22,AMZN,0.181433114470625,-0.009652947396099846,-0.0007761512389077626,0.08766544276870099,0.08766544276870099
2021-10-22,NVDA,0.8455633639429708,0.007204528070510552,-0.003762593439243499,0.4241905217047899,0.4241905217047899
2021-10-22,META,0.843459697542708,-0.02482371917187145,0.008645185211177246,0.416011770062028,0.416011770062028
2021-10-25,MSFT,0.09779230308435133,-0.011286153892068496,-0.0020424943399784314,0.04510180650655943,0.04510180650655943
2021-10-25,META,0.1673804571488213,-0.033814799959878385,0.006279371525112237,0.07480166289146958,0.07480166289146958
2021-10-25,AAPL,0.942507208577429,0.010790601744703017,0.012113991560663836,0.4769135831242582,0.4769135831242582
2021-10-25,NVDA,0.6006927857010558,0.00657584110734606,-0.0015147588497497252,0.3020161934127818,0.3020161934127818
2021-10-25,AMZN,0.10215223644205647,-0.009652947396099846,3.1206494793354494e-05,0.04818647530115695,0.04818647530115695
2021-10-25,GOOGL,0.015521202757671167,-0.03253665515110349,0.0034612474861505996,-0.0013081456692653436,-0.0013081456692653436
2021-10-26,GOOGL,0.0552309251986803,-0.03253665515110349,0.002724410538204894,0.01839934816165008,0.01839934816165008
2021-10-26,AAPL,0.7838814209019085,0.010790601744703017,0.01702711990919614,0.3985833149562044,0.3985833149562044
2021-10-26,META,0.4206245038573116,-0.026940216572237254,0.009279609876157828,0.20408610893221618,0.20408610893221618
2021-10-26,AMZN,0.14055367381905767,-0.013835393562529306,-0.00021566780819346106,0.06608308527913136,0.06608308527913136
2021-10-26,MSFT,0.12243049455625493,-0.011286153892068496,-0.005239281432935427,0.05678154482391983,0.05678154482391983
2021-10-26,NVDA,0.8759787494139738,0.010981484902144506,0.0013097959559340913,0.44154577936881706,0.44154577936881706
2021-10-27,NVDA,0.8311789979556158,0.01104638911309257,0.00326178319517223,0.41955577235077013,0.41955577235077013
2021-10-27,AAPL,0.7591758419795103,0.00987903777404988,0.010639227119241777,0.38467947774581845,0.38467947774581845
2021-10-27,META,0.8269500696894011,-0.02844985100897287,0.00669850468236724,0.4062797804784821,0.4062797804784821
2021-10-27,AMZN,0.13156461265386765,-0.017615728305807307,0.002325663164310831,0.0609627204680538,0.0609627204680538
2021-10-27,MSFT,0.07534385443862791,-0.010462821365312203,-0.00398523597122882,0.03373603361547453,0.03373603361547453
2021-10-27,GOOGL,0.0832982126077486,-0.031593617721498435,0.012229391407921394,0.034616899269009044,0.034616899269009044
2021-10-28,MSFT,0.13999251585629102,-0.013206963566754298,-0.002900729498657245,0.06545402295838777,0.06545402295838777
2021-10-28,NVDA,0.8270668061074021,0.011356711646039033,0.004319634156446952,0.4178043433788022,0.4178043433788022
2021-10-28,META,0.2580123754615426,-0.02844985100897287,0.014667645714394408,0.12340476157095832,0.12340476157095832
2021-10-28,AMZN,0.34681040346315567,-0.02086935913619193,-0.0009270516400093319,0.16695898366271839,0.16695898366271839
2021-10-28,AAPL,0.8247700841935954,0.006478835056863226,0.007249714343878947,0.4157786354826325,0.4157786354826325
2021-10-28,GOOGL,0.10498114114374471,-0.031593617721498435,0.013156749763213203,0.04564383520806547,0.04564383520806547
2021-10-29,NVDA,0.8335255971455936,0.011356711646039033,0.006052553186310511,0.4213803227038706,0.4213803227038706
2021-10-29,META,0.18446776966280273,-0.031264272906982304,0.0063921380819289796,0.08413303057569248,0.08413303057569248
2021-10-29,MSFT,0.08307225796216129,-0.013614525480739844,-0.004092387366192281,0.03663329386362024,0.03663329386362024
2021-10-29,AMZN,0.4731454781071876,-0.022354088690856876,-0.005838553336530536,0.22869880177903062,0.22869880177903062
2021-10-29,AAPL,0.3063470823490981,0.0022715400801563436,0.015973004407410323,0.157049604080078,0.157049604080078
2021-10-29,GOOGL,0.08795884472150396,-0.029239251379524444,0.00832088443704461,0.03687182383430357,0.03687182383430357
2021-11-01,MSFT,0.049478733664425754,-0.014324459305022094,-0.004889302092246537,0.019464168622256944,0.019464168622256944
2021-11-01,NVDA,0.9241272776471358,0.011356711646039033,0.009806135231505149,0.46743187936368064,0.46743187936368064
2021-11-01,AAPL,0.3064529692146736,0.002944379389480949,0.014554714684853816,0.15702074136115182,0.15702074136115182
2021-11-01,AMZN,0.3516075566307306,-0.022354088690856876,-0.0045211144037163,0.16819332882736499,0.16819332882736499
2021-11-01,META,0.1151967290202724,-0.031264272906982304,0.006500491910792088,0.04951918102019993,0.04951918102019993
2021-11-01,GOOGL,0.0732717563631063,-0.029239251379524444,0.008987606010900883,0.029661623969875994,0.029661623969875994
2021-11-02,MSFT,0.0626669970788157,-0.017185990832484177,-0.005047515766683504,0.0251681981363259,0.0251681981363259
2021-11-02,AMZN,0.152791545739869,-0.01690432633683788,-0.014824838478789001,0.06835950727312534,0.06835950727312534
2021-11-02,META,0.06973055699885965,-0.031264272906982304,0.004946996909858198,0.026475396009306772,0.026475396009306772
2021-11-02,NVDA,0.5215943245296685,0.011356711646039033,0.0125183202699581,0.26670783981263757,0.26670783981263757
2021-11-02,GOOGL,0.069618402947067,-0.028315963906780206,0.010643464760008024,0.028443105253501043,0.028443105253501043
2021-11-02,AAPL,0.5604243039389063,0.0060341965463213115,0.01270895457771561,0.2845642018488927,0.2845642018488927
2021-11-03,AAPL,0.6482335541464179,0.004003948528863259,0.016851926450862333,0.3286883469220404,0.3286883469220404
2021-11-03,GOOGL,0.7916292054051041,0.010303324980708106,0.005678207768238169,0.4000412417504121,0.4000412417504121
2021-11-03,MSFT,0.7897895527800565,-0.008490224900784455,-0.006278226756278059,0.3910920635685373,0.3910920635685373
2021-11-03,META,0.8976858748403005,0.006726974216899134,-0.002208044340576837,0.4504194208171046,0.4504194208171046
2021-11-03,NVDA,0.374362422514552,0.011536566929105898,0.010384830844150442,0.19271914750483787,0.19271914750483787
2021-11-03,AMZN,0.04131766510900705,-0.004458009713275173,-0.008844815133729714,0.01755246661377503,0.01755246661377503
2021-11-04,NVDA,0.5829728811636852,0.01105230872503764,0.006744929969701725,0.29615111919329423,0.29615111919329423
2021-11-04,GOOGL,0.6162623098291512,0.0063426198515080575,0.006077297693782294,0.31124940040878446,0.31124940040878446
2021-11-04,MSFT,0.6971534221560629,-0.01076916775661449,-0.004391021189220239,0.34446775651320305,0.34446775651320305
2021-11-04,META,0.9581558140452483,0.006726974216899134,-0.004127652924647417,0.4802704687027644,0.4802704687027644
2021-11-04,AAPL,0.8650925746406092,0.004389790504970418,0.011415853850789946,0.4361463952419537,0.4361463952419537
2021-11-04,AMZN,0.4639178749404113,-0.005224404346012547,-0.007834164146185568,0.22882478333716477,0.22882478333716477
2021-11-05,GOOGL,0.1633001925841628,-0.03244899096930297,-0.001295850961053717,0.07165622880907976,0.07165622880907976
2021-11-05,META,0.7703513289750652,0.0032791455902153864,0.003312928015845845,0.3868219937677664,0.3868219937677664
2021-11-05,MSFT,0.3490919622293693,-0.013054070019800173,-0.004296090984461638,0.16977054191185226,0.16977054191185226
2021-11-05,AMZN,0.048203446930857215,-0.004458009713275173,-0.006979094625809196,0.021368501626284217,0.021368501626284217
2021-11-05,AAPL,0.5764286815288384,0.004479910126729612,0.0030687371546850133,0.2901720612333751,0.2901720612333751
2021-11-05,NVDA,0.7125450766929738,0.011805885985652917,0.008119428009945254,0.36143818974417186,0.36143818974417186
2021-11-08,NVDA,0.22207476629932496,0.012190760882049352,0.012339078047624193,0.11716242702380211,0.11716242702380211
2021-11-08,GOOGL,0.2525485979717135,-0.03244899096930297,-0.010757333843587272,0.11438813492634839,0.11438813492634839
2021-11-08,META,0.6852370923135458,0.007990261457472619,-0.0015572752741640494,0.34470416953918187,0.34470416953918187
2021-11-08,AMZN,0.6376019853765249,-0.006891479775944914,-0.007200747789661514,0.3152933991975467,0.3152933991975467
2021-11-08,AAPL,0.7520014600507908,0.0024641272858147286,0.008252121488953757,0.3783903925089306,0.3783903925089306
2021-11-08,MSFT,0.1277088409650322,-0.009915041099692953,-0.0020316630789237716,0.06047357553682347,0.06047357553682347
2021-11-09,NVDA,0.16514685520188915,0.011554686014770391,0.011898077706168946,0.08841944894660948,0.08841944894660948
2021-11-09,AAPL,0.637768776768118,0.0028616688699653857,0.006156913079099251,0.3209742716608685,0.3209742716608685
2021-11-09,GOOGL,0.27353709658951114,-0.031572499569094574,-0.006835344673153807,0.12592972948939643,0.12592972948939643
2021-11-09,MSFT,0.09088062172234077,-0.013878723969714835,-0.006772912022650261,0.039922111265725875,0.039922111265725875
2021-11-09,AMZN,0.07545419393351943,-0.005122731346465481,-0.009927890414413155,0.034204699479937435,0.034204699479937435
2021-11-09,META,0.1189490301683753,-0.029999310670743518,0.001362924489379292,0.05074730678084045,0.05074730678084045
2021-11-10,AMZN,0.06897237468117964,-0.0063588531449379326,-0.0011727730078332811,0.03234397679554179,0.03234397679554179
2021-11-10,META,0.5832028137375224,-0.002917236604363177,-0.0033084897475022905,0.2900645379379518,0.2900645379379518
2021-11-10,AAPL,0.3209939735539389,-0.003345127933133015,0.01143316759011127,0.16178008191505178,0.16178008191505178
2021-11-10,MSFT,0.1003732388656842,-0.016899397420622672,-0.008173290695802308,0.04348214206749483,0.04348214206749483
2021-11-10,NVDA,0.7902509500760861,0.014820627481707158,0.014269415530942377,0.40242554638874367,0.40242554638874367
2021-11-10,GOOGL,0.2396900365604123,-0.03244899096930297,-0.00481844632421885,0.10914663172457148,0.10914663172457148
2021-11-11,NVDA,0.8348804224618048,0.014791467304432013,0.012724675259627668,0.42442258647415754,0.42442258647415754
2021-11-11,AAPL,0.2438707928375962,-0.006199590864484348,0.014964357774985334,0.12306839071444986,0.12306839071444986
2021-11-11,GOOGL,0.06574069216839304,-0.031572499569094574,-0.007715031881980101,0.021855589837072125,0.021855589837072125
2021-11-11,AMZN,0.10656311529279121,-0.007617517548014853,-0.002712756161090237,0.0504537511497731,0.0504537511497731
2021-11-11,META,0.036223923069754346,-0.02817763586397936,-0.010490535058992494,0.007560563763884867,0.007560563763884867
2021-11-11,MSFT,0.05687371962996411,-0.01178240990280484,-0.00726891637848618,0.023448353568443367,0.023448353568443367
2021-11-12,NVDA,0.8644059532658876,0.016049005253450637,0.012806705382099933,0.439579019285399,0.439579019285399
2021-11-12,AAPL,0.5424677580756784,-0.0038986611852125383,0.007345512968837075,0.2715333832760429,0.2715333832760429
2021-11-12,GOOGL,0.16061482214751252,-0.02696718974903465,0.0014209373973603674,0.07250144162851795,0.07250144162851795
2021-11-12,AMZN,0.21344266684615384,-0.007997087060504381,0.00034101759564500456,0.10439041082405462,0.10439041082405462
2021-11-12,MSFT,0.07423135177291083,-0.009004121987363693,-0.007135542828398015,0.03298733072456671,0.03298733072456671
2021-11-12,META,0.01662941316573971,-0.02897270011476339,-0.010829359119515294,-0.0025429752754622206,-0.0025429752754622206
2021-11-15,AAPL,0.6071427507853167,-0.0017067003815391384,0.01187129995435611,0.3054336252690678,0.3054336252690678
2021-11-15,GOOGL,0.04740639256550456,-0.03244899096930297,-0.002728319435294852,0.01342283510490242,0.01342283510490242
2021-11-15,META,0.062200295770699555,0.003860292939252566,-0.0078325733077811,0.030691721105569326,0.030691721105569326
2021-11-15,NVDA,0.5211219266073733,0.016756094512838476,0.014128968188367539,0.2684135852952117,0.2684135852952117
2021-11-15,MSFT,0.096572050563176,-0.006742829547609004,-0.005629236875289255,0.045137329042247445,0.045137329042247445
2021-11-15,AMZN,0.08907444685856737,-0.0075097523407812354,-0.0011667862954737526,0.042050940467954566,0.042050940467954566
2021-11-16,GOOGL,0.0225408791715699,-0.03244899096930297,-0.01579754361999931,-0.0016237664290058018,-0.0016237664290058018
2021-11-16,NVDA,0.3601759452899325,0.016906974101592073,0.006897204571720265,0.18653950578978792,0.18653950578978792
2021-11-16,MSFT,0.08191976888849554,-0.007828772806887978,-0.0031093459339363184,0.037989383415394117,0.037989383415394117
2021-11-16,AMZN,0.028923378877055653,-0.004355544123333364,-0.0006275380862534215,0.013029518584277132,0.013029518584277132
2021-11-16,AAPL,0.8248794249602376,-0.0039005298204164785,0.010954912127508203,0.4134605359594955,0.4134605359594955
2021-11-16,META,0.15859718930066347,0.009895292076507717,-0.003996331878374159,0.08146791589760921,0.08146791589760921
2021-11-17,GOOGL,0.0576508337413374,-0.031032100721492796,-0.027650217783577777,0.013985743097505306,0.013985743097505306
2021-11-17,AAPL,0.8616956402475716,0.0010575551918697661,0.011834541154813985,0.43353199491230954,0.43353199491230954
2021-11-17,NVDA,0.5476119281808434,0.014820627481707158,0.008970174488658882,0.2800461872326656,0.2800461872326656
2021-11-17,MSFT,0.1677972096800008,-0.003238954497808956,-0.0024331741032025834,0.0824402836700172,0.0824402836700172
2021-11-17,AMZN,0.02463668390470077,-0.004894861046526781,-0.0026844662997726736,0.010312990378437815,0.010312990378437815
2021-11-17,META,0.19446913128713855,0.013865948598838584,-0.0021715654075261746,0.10096003714171561,0.10096003714171561
2021-11-18,GOOGL,0.02918078528029358,-0.030116901830609354,-0.030839453414262592,-0.0006125685918885347,-0.0006125685918885347
2021-11-18,META,0.045193471343355586,0.011308222046483789,-0.007802581945928923,0.024428685896437145,0.024428685896437145
2021-11-18,MSFT,0.053183572421188444,-0.0038862545881311475,0.0017910215485040758,0.02578411414385569,0.02578411414385569
2021-11-18,AMZN,0.031220987170816318,-0.004609078211531685,0.0016128305079309464,0.014550336223534842,0.014550336223534842
2021-11-18,NVDA,0.2283105757684885,0.01374702515484411,0.015557220755633688,0.12139083958182423,0.12139083958182423
2021-11-18,AAPL,0.7900223034905591,0.0003944770593554038,0.01813531927058108,0.3987565587172024,0.3987565587172024
2021-11-19,GOOGL,0.06567775592309567,-0.027858630079158793,-0.029320087783207417,0.018617271381158713,0.018617271381158713
2021-11-19,AMZN,0.06313975119856259,-0.007973706294864349,0.0012213580132111948,0.02942203531346423,0.02942203531346423
2021-11-19,MSFT,0.14747735602889808,-0.0007593004435894266,-0.002415933987594883,0.07302770108385323,0.07302770108385323
2021-11-19,AAPL,0.7409397409973255,0.005736032070474199,0.02326433913474486,0.37684354794675395,0.37684354794675395
2021-11-19,META,0.02506288958954484,-0.030654521665928434,-0.018374283636942577,-0.00033976843239462515,-0.00033976843239462515
2021-11-19,NVDA,0.5546881860460605,0.014820627481707158,0.019433241869199303,0.28567692964138225,0.28567692964138225
2021-11-22,GOOGL,0.012508595510454409,-0.028201910706593697,-0.030540079519915116,-0.008314291360733929,-0.008314291360733929
2021-11-22,META,0.060492588913617515,-0.03153101306613683,-0.01290691289272067,0.01820560795842358,0.01820560795842358
2021-11-22,AMZN,0.2658488919176752,-0.005092518210972874,0.004797762706461692,0.13235624303683807,0.13235624303683807
2021-11-22,AAPL,0.8053140067476064,0.0068274680670296056,0.027172776759889845,0.41013979914589005,0.41013979914589005
2021-11-22,MSFT,0.16179824887912791,-0.0007593004435894266,-0.0017191510478167388,0.08032750409692378,0.08032750409692378
2021-11-22,NVDA,0.5027073518235168,0.016049005253450637,0.019101282800074493,0.2599886340478085,0.2599886340478085
2021-11-23,GOOGL,0.013045431882619498,-0.028201910706593697,-0.029512566241428506,-0.007840370518954063,-0.007840370518954063
2021-11-23,MSFT,0.12499190598241358,-0.0013177839957623928,-0.0019087146032800081,0.06171887487182207,0.06171887487182207
2021-11-23,NVDA,0.4519066682865835,0.014820627481707158,0.016568202360019605,0.2337131628598078,0.2337131628598078
2021-11-23,AMZN,0.038465572268873136,-0.006351182614049794,0.0018427852984415245,0.017695988409909935,0.017695988409909935
2021-11-23,AAPL,0.7473273238942297,0.004620408739583784,0.03417479745199435,0.3818847440593889,0.3818847440593889
2021-11-23,META,0.08350424436740217,-0.03004308748316663,-0.015197642040711718,0.029699667530608754,0.029699667530608754
2021-11-24,NVDA,0.8696213831891226,0.013825838814855851,0.011230245286377682,0.4412044922962936,0.4412044922962936
2021-11-24,AMZN,0.031125344882288495,-0.007785092609541041,-0.013065433611651812,0.010614057935951573,0.010614057935951573
2021-11-24,GOOGL,0.013099019114399897,-0.028201910706593697,-0.03603337267372743,-0.009117738189523647,-0.009117738189523647
2021-11-24,MSFT,0.17222712037642107,-0.002171910652683929,-0.002196087840410685,0.08502276942432321,0.08502276942432321
2021-11-24,META,0.07940584797769475,-0.03004308748316663,-0.015593904210098595,0.027571216901877665,0.027571216901877665
2021-11-24,AAPL,0.5780028709258759,0.002531620867519959,0.030335498704753588,0.29582802146414466,0.29582802146414466
2021-11-25,AAPL,0.40817829580180276,0.006793403779355292,0.03587861564341577,0.2133028921633911,0.2133028921633911
2021-11-25,AMZN,0.04698052639324303,-0.007785092609541041,-0.014916148663016276,0.018171505681155945,0.018171505681155945
2021-11-25,GOOGL,0.013383616494551219,-0.028201910706593697,-0.04082580632580188,-0.009933926229862874,-0.009933926229862874
2021-11-25,MSFT,0.40827605308707754,-0.002171910652683929,0.00018118930826718088,0.20352269120938704,0.20352269120938704
2021-11-25,META,0.13401533575116786,-0.008256537668510516,-0.012946330932348163,0.06194144038856115,0.06194144038856115
2021-11-25,NVDA,0.9290936223888387,0.01301330985270133,0.010954411072365073,0.47064168636470277,0.47064168636470277
2021-11-26,AMZN,0.03819410273423618,-0.0065335228954872095,-0.019053346136137794,0.013326325271244367,0.013326325271244367
2021-11-26,MSFT,0.2041756369309517,-0.010454469809228975,-0.007055467553437009,0.09754038401201975,0.09754038401201975
2021-11-26,AAPL,0.9223522089066213,0.008150471560947512,0.03999806657493879,0.47162085923658265,0.47162085923658265
2021-11-26,NVDA,0.9643290931344795,0.01590253330560154,0.013757654744827728,0.4896868375078857,0.4896868375078857
2021-11-26,GOOGL,0.008950132116035545,-0.028201910706593697,-0.03937337287666981,-0.0118601817292943,-0.0118601817292943
2021-11-26,META,0.06221729976297071,-0.007037584897919902,0.001865338758932085,0.0293704421638958,0.0293704421638958
2021-11-29,GOOGL,0.017773892180311498,-0.028201910706593697,-0.05493365402185252,-0.010560357926192865,-0.010560357926192865
2021-11-29,MSFT,0.21737141494180998,-0.004349069393423498,-0.007685266613262319,0.10584393333022549,0.10584393333022549
2021-11-29,AAPL,0.6782436902131317,0.013053246657772835,0.039653262920843355,0.3509684716880664,0.3509684716880664
2021-11-29,AMZN,0.048094064390066776,-0.006826887661585503,-0.019020226681147577,0.01819492056032822,0.01819492056032822
2021-11-29,META,0.14609682342973793,-0.006196885906231775,0.01323579230037212,0.07383650440307385,0.07383650440307385
2021-11-29,NVDA,0.9498153268076953,0.014674155533858063,0.010571141557029387,0.481424138375411,0.481424138375411
2021-11-30,META,0.15440886226151077,-0.004297920500845537,0.017279337219666232,0.07937092242443497,0.07937092242443497
2021-11-30,MSFT,0.24490941111416453,-0.008846249085820546,-0.006690305264114434,0.11846276977851322,0.11846276977851322
2021-11-30,AAPL,0.800820552284185,0.016487715126578446,0.0431786409163807,0.41399231886334215,0.41399231886334215
2021-11-30,AMZN,0.1413318533803644,-0.0023421391652363502,-0.018383838016633045,0.06628651733728468,0.06628651733728468
2021-11-30,GOOGL,0.016738067916172567,-0.028201910706593697,-0.061049783239256195,-0.012301495901743065,-0.012301495901743065
2021-11-30,NVDA,0.9743417137430761,0.01590253330560154,0.013450452285472907,0.4946317073203131,0.4946317073203131
2021-12-01,META,0.8829690385879585,-0.0014649609296489903,0.022292223187315705,0.4455034756525477,0.4455034756525477
2021-12-01,AAPL,0.3665672716178868,0.0059275122620183,0.02698039786575309,0.1904579690606995,0.1904579690606995
2021-12-01,NVDA,0.9077004339812993,0.005979459240615246,0.014529253882260354,0.45854990553928626,0.45854990553928626
2021-12-01,AMZN,0.13698902160617077,0.0014408561425530105,-0.013286094293011246,0.06626954878724904,0.06626954878724904
2021-12-01,MSFT,0.797918216703548,0.005842895626007575,-0.0048029634962119885,0.39975138434033386,0.39975138434033386
2021-12-01,GOOGL,0.9725676892424652,0.014566823802286572,-0.007864083703839092,0.4890810750211507,0.4890810750211507
2021-12-02,META,0.9495368895935384,0.0004389687908429692,0.02055965047842697,0.4790120655297075,0.4790120655297075
2021-12-02,MSFT,0.8659331421134933,0.005668485063357575,0.00017582232725061459,0.434702281041204,0.434702281041204
2021-12-02,NVDA,0.8450227817703297,0.0029462353482952986,0.019007423233156073,0.42719674613628467,0.42719674613628467
2021-12-02,AMZN,0.187024725888037,0.0014408561425530105,-0.01328487662512039,0.09128764446176033,0.09128764446176033
2021-12-02,GOOGL,0.92194711051722,0.010736520015937848,-0.006302428054982479,0.46293402565239483,0.46293402565239483
2021-12-02,AAPL,0.7939782542110045,0.009181031356134444,0.029871620079579407,0.4057177605282585,0.4057177605282585
2021-12-03,NVDA,0.7669571667845947,0.005959714303502438,0.015980426806755745,0.3884625830446992,0.3884625830446992
2021-12-03,AAPL,0.9865783804990187,0.015049993324656888,0.03195149837262285,0.504194487921431,0.504194487921431
2021-12-03,GOOGL,0.903471785232279,0.007549014137853837,-0.009656561088574985,0.4520692846397807,0.4520692846397807
2021-12-03,META,0.8219400280459441,0.0004389687908429692,0.025611255527657577,0.41622395576575644,0.41622395576575644
2021-12-03,AMZN,0.15816776569979563,0.00043633188630116704,-0.013165427661027362,0.0765816968835827,0.0765816968835827
2021-12-03,MSFT,0.8554651753599322,0.006795987403972045,0.0002808964108962017,0.4298275631833369,0.4298275631833369
2021-12-06,META,0.3901864682719193,-0.000855924530677973,0.021065237756089816,0.1990495043279742,0.1990495043279742
2021-12-06,MSFT,0.9386395698136658,0.005501794619003638,-0.0014191397689923002,0.4706864953387356,0.4706864953387356
2021-12-06,GOOGL,0.8700817917975433,0.00640299209176322,-0.013614098965358621,0.4342389737332289,0.4342389737332289
2021-12-06,AAPL,0.9954658632341944,0.017491858528076037,0.029647758661206676,0.5089100409077613,0.5089100409077613
2021-12-06,NVDA,0.9233004269865853,0.010492020047730607,0.011454051848334194,0.46708862987727867,0.46708862987727867
2021-12-06,AMZN,0.38707765894669577,-0.0015607657022609343,-0.018601796196204112,0.18935024052342878,0.18935024052342878
2021-12-07,AAPL,0.9616328491321833,0.02784513272890467,0.03145706926107789,0.4954613782369786,0.4954613782369786
2021-12-07,MSFT,0.9282977654041671,0.007231919000198581,-0.003269110197844566,0.4656646363625742,0.4656646363625742
2021-12-07,NVDA,0.9196728225791393,0.004940207818829269,0.01249859850692197,0.46381819333660285,0.46381819333660285
2021-12-07,META,0.6588380223118669,6.428224779679443e-05,0.02196762524094599,0.3338318208784617,0.3338318208784617
2021-12-07,AMZN,0.4038242202679778,-0.0013599710400976875,-0.01737447843078394,0.19802922313580282,0.19802922313580282
2021-12-07,GOOGL,0.9605886398110692,0.00753962135733698,-0.012866406655858236,0.4799829249815641,0.4799829249815641
2021-12-08,GOOGL,0.9681058645897231,0.009555661664462214,-0.003798625070635664,0.4861599057800731,0.4861599057800731
2021-12-08,AAPL,0.9294135782742646,0.027669592196514353,0.024410100276163027,0.4778896868513192,0.4778896868513192
2021-12-08,MSFT,0.5811102263493173,0.005660884945932818,-0.003296075861722071,0.29159416348609407,0.29159416348609407
2021-12-08,META,0.7605088531001121,-0.005533779778461046,0.025434005477946844,0.38368109371210707,0.38368109371210707
2021-12-08,AMZN,0.4320800738504401,-0.0025115376083771545,-0.01479268157117487,0.21232803932847194,0.21232803932847194
2021-12-08,NVDA,0.8901094566847308,0.004940207818829269,0.012058282448021568,0.4489484471776185,0.4489484471776185
2021-12-09,NVDA,0.8507090530662096,0.004940207818829269,0.013875014876850209,0.4296115918541236,0.4296115918541236
2021-12-09,AMZN,0.28106272894710765,-0.001984312062722089,-0.014093480816441014,0.137117374691449,0.137117374691449
2021-12-09,GOOGL,0.9250395026212873,0.0063935993112463636,-0.017711567780014967,0.46089551754801455,0.46089551754801455
2021-12-09,MSFT,0.10335873279375249,0.007063048269908058,-0.007702423953187459,0.052257796087211164,0.052257796087211164
2021-12-09,AAPL,0.9716766138969722,0.017720768963020713,0.020796040495014337,0.4953137457363952,0.4953137457363952
2021-12-09,META,0.6261078370324706,-0.0016953150579058717,0.03276809049583624,0.3190989420980308,0.3190989420980308
2021-12-10,AAPL,0.9690448304492199,0.0176682805271578,0.01760407306369266,0.49334371399549576,0.49334371399549576
2021-12-10,META,0.6141975260693211,-0.00043137025817990767,0.03448600977583297,0.31386655391237317,0.31386655391237317
2021-12-10,MSFT,0.6872438026497844,0.00707541620240376,-0.003817407892911788,0.34498104460703094,0.34498104460703094
2021-12-10,GOOGL,0.9540073319319348,0.006947044622618933,-0.032159594919794664,0.4726558603687941,0.4726558603687941
2021-12-10,AMZN,0.32089272871881663,-0.00863741236239599,-0.016060649976502674,0.15464301065538896,0.15464301065538896
2021-12-10,NVDA,0.7939680964757093,0.0037394838838333048,0.00854363933123261,0.3998146212692512,0.3998146212692512
2021-12-13,GOOGL,0.8878413722910516,0.021838907538017618,-0.022280224378262294,0.4460163135312787,0.4460163135312787
2021-12-13,AAPL,0.9018612617863103,0.015408470589219006,0.010204178825043542,0.45759400783492954,0.45759400783492954
2021-12-13,META,0.5983359649395507,-0.0014316615284408185,0.02812133141446698,0.3043627502941365,0.3043627502941365
2021-12-13,AMZN,0.4193363802597839,-0.007531479310084595,-0.01724007410710439,0.20396073151544572,0.20396073151544572
2021-12-13,MSFT,0.7881534810228884,0.006978730285584938,-0.0020045669527132687,0.395769446206577,0.395769446206577
2021-12-13,NVDA,0.9231117744611724,0.004465335869053459,0.008341387431530747,0.4645637654776084,0.4645637654776084
2021-12-14,AMZN,0.2545392286974052,-0.0007477524471428445,-0.019867768540086296,0.12307173490654248,0.12307173490654248
2021-12-14,MSFT,0.7871560697465699,0.009576144812577873,-0.002053424065646285,0.39604019350392905,0.39604019350392905
2021-12-14,META,0.48674498595306676,-0.0014316615284408185,0.018294222479501347,0.2466018390139014,0.2466018390139014
2021-12-14,AAPL,0.9720606117830998,0.014548205039173031,0.007455899647150592,0.4918859473327319,0.4918859473327319
2021-12-14,NVDA,0.8953972949357379,0.004465335869053459,0.008761535104511574,0.4507905552494873,0.4507905552494873
2021-12-14,GOOGL,0.9556558876505304,0.02034582093790365,-0.014442661979938064,0.4810431577106487,0.4810431577106487
2021-12-15,MSFT,0.7062760030339785,0.008060132266468518,-0.002003008221986423,0.35515543955253254,0.35515543955253254
2021-12-15,AMZN,0.3515701141837725,-0.0011682406705619543,-0.022503241736119874,0.17093393654349368,0.17093393654349368
2021-12-15,META,0.6377874479215037,-0.005338345736753651,0.019976898048321277,0.32128759984939,0.32128759984939
2021-12-15,AAPL,0.9748012119079859,0.015963951545734753,0.009874034811139347,0.4941645983799412,0.4941645983799412
2021-12-15,GOOGL,0.9533056820529245,0.01957160843840837,-0.019858391535017478,0.4785526452509813,0.4785526452509813
2021-12-15,NVDA,0.8638846206795369,0.00459936972466717,0.011449854634625702,0.4356120921840937,0.4356120921840937
2021-12-16,META,0.7646907895533134,-0.004402841512406999,0.01585221624739984,0.38419498557241455,0.38419498557241455
2021-12-16,AAPL,0.9800231174291534,0.01804289646908787,0.016706089266696998,0.49876564550864244,0.49876564550864244
2021-12-16,NVDA,0.5876536118741118,0.002758172503957107,0.006297296399449662,0.29591371696813296,0.29591371696813296
2021-12-16,AMZN,0.5008233361229211,-0.0011682406705619543,-0.022764106183270422,0.24550837462363787,0.24550837462363787
2021-12-16,GOOGL,0.8476202822600631,0.0009149995329247238,-0.027308664782695564,0.4186229080333699,0.4186229080333699
2021-12-16,MSFT,0.6045333178664537,0.005939851603450309,-0.0017712020439484555,0.3036943740054723,0.3036943740054723
2021-12-17,AAPL,0.9232917645243717,0.014579077067525995,0.014822854172189343,0.4689841762168815,0.4689841762168815
2021-12-17,NVDA,0.6438248354394164,0.002758172503957107,6.538943159484917e-05,0.3227529473572143,0.3227529473572143
2021-12-17,GOOGL,0.8354470071689581,0.0025615063677920016,-0.03171185394726679,0.4121495847053633,0.4121495847053633
2021-12-17,AMZN,0.31695168053505446,-0.0001313860489836869,-0.021922063752067747,0.15405201170241858,0.15405201170241858
2021-12-17,MSFT,0.45354231235902703,0.0011840927394860693,-0.00020426948777948345,0.22708553010380345,0.22708553010380345
2021-12-17,META,0.6756579855884902,0.0014185030036358772,0.012512086621169212,0.3407569610195697,0.3407569610195697
2021-12-20,NVDA,0.43695774525939046,0.004855001769699571,0.0011431543712338982,0.22016400403485187,0.22016400403485187
2021-12-20,AMZN,0.5673234187615447,-0.00421575207928542,-0.020420925003163396,0.27831279875635406,0.27831279875635406
2021-12-20,META,0.4473560992126263,0.0014185030036358772,0.00906756075233607,0.22591711265787112,0.22591711265787112
2021-12-20,MSFT,0.5250562854193542,0.0014799526416949392,-0.0016838729299200883,0.2626353539162016,0.2626353539162016
2021-12-20,GOOGL,0.9243072615196496,0.0025615063677920016,-0.022795757132230116,0.45836293124371635,0.45836293124371635
2021-12-20,AAPL,0.9053395938942133,0.013825809506284883,0.014708841955526929,0.45975930819009747,0.45975930819009747
2021-12-21,MSFT,0.7666112391696086,0.002637488396147,-0.0005421930068773492,0.3839884275022729,0.3839884275022729
2021-12-21,AAPL,0.9173574078533395,0.015282399414219975,0.0067628326380127085,0.4646159902785383,0.4646159902785383
2021-12-21,NVDA,0.5672146905368083,0.002297716611231478,-0.0012333149029678109,0.28404999727118,0.28404999727118
2021-12-21,META,0.5395951004375721,-0.0010785617493542724,0.008408854251742627,0.2711557525443283,0.2711557525443283
2021-12-21,AMZN,0.6241478599465446,-0.004166674980190049,-0.022022314697948485,0.30641946453962565,0.30641946453962565
2021-12-21,GOOGL,0.798977947447148,4.332813892635101e-05,-0.022594464600315285,0.39498307924518883,0.39498307924518883
2021-12-22,NVDA,0.7317380226071998,0.004681218184951122,0.0006522997340595374,0.36740383670589716,0.36740383670589716
2021-12-22,AAPL,0.9634996644291126,0.012714477766827608,0.005411172870991451,0.4866464101188029,0.4866464101188029
2021-12-22,META,0.27483177992338526,-0.002982491469846231,0.011430965739382418,0.13880733566861525,0.13880733566861525
2021-12-22,AMZN,0.5754896895637663,-0.005525718205064619,-0.02173213780016187,0.2817407017603314,0.2817407017603314
2021-12-22,GOOGL,0.7928878827486855,0.0019011044791382777,-0.019085078991962153,0.39319725691969176,0.39319725691969176
2021-12-22,MSFT,0.8375885292352876,0.002637488396147,-0.0011263617046932198,0.41936023879554923,0.41936023879554923
2021-12-23,AAPL,0.7202001564047411,0.014504120097393571,0.007057791034396223,0.3658628724384679,0.3658628724384679
2021-12-23,AMZN,0.31647309619479064,-0.004252989819489919,-0.021962406734694406,0.15256816980460947,0.15256816980460947
2021-12-23,GOOGL,0.8263479894930731,0.0019011044791382777,-0.015592978863596459,0.4106257303175587,0.4106257303175587
2021-12-23,META,0.2731443260392815,-0.004607893488588817,0.00983902059903681,0.13715759909287145,0.13715759909287145
2021-12-23,MSFT,0.7613765886782219,0.003584541802061949,-0.0006632659361035451,0.3816310036925088,0.3816310036925088
2021-12-23,NVDA,0.6617820574439365,0.0035571776899545383,-0.0021807042741510893,0.33152204117412437,0.33152204117412437
2021-12-24,AMZN,0.40100169768850735,-0.001430952973071407,-0.02300706345823528,0.1954701502606852,0.1954701502606852
2021-12-24,GOOGL,0.9418302402450194,0.004851897327009479,0.001687613933826125,0.4727082121073778,0.4727082121073778
2021-12-24,NVDA,0.8603241469162108,0.0032073889545831,-0.001923372534166537,0.430739615637647,0.430739615637647
2021-12-24,AAPL,0.5838236283757077,0.013016229885823663,0.005834488833645686,0.29698358092033006,0.29698358092033006
2021-12-24,META,0.13484606338931243,-0.011658331342234962,0.00417897221704696,0.06476132673539511,0.06476132673539511
2021-12-24,MSFT,0.7568384768603026,0.0046195839784494855,0.0017173459161138743,0.3801485828069089,0.3801485828069089
2021-12-27,AMZN,0.47269158716731396,-0.0046121093282510805,-0.0230516957786635,0.23035182162944895,0.23035182162944895
2021-12-27,GOOGL,0.9038072107352431,0.007008690856057924,0.0014686482079360116,0.4542999422660261,0.4542999422660261
2021-12-27,NVDA,0.8109920786398279,0.0006326603080741508,-0.0004939631213102536,0.40558704478807417,0.40558704478807417
2021-12-27,AAPL,0.56747971475643,0.013318824875267702,0.008805682224316061,0.2894966412856585,0.2894966412856585
2021-12-27,META,0.2038413917780448,-0.011658331342234962,0.003067965930003594,0.09903678967235265,0.09903678967235265
2021-12-27,MSFT,0.8343696465222804,0.003584541802061949,0.004638602814818607,0.4191879063647225,0.4191879063647225
2021-12-28,GOOGL,0.8250492675201021,0.008715475131055039,-0.002165538342739186,0.41470616863081977,0.41470616863081977
2021-12-28,META,0.21819142099141084,-0.00788112541858847,0.003311186228284378,0.10739361011578576,0.10739361011578576
2021-12-28,AMZN,0.6076636460384482,-0.0027512872677944973,-0.022641240751975322,0.29847818868849074,0.29847818868849074
2021-12-28,AAPL,0.7719262994570809,0.017003315715158184,0.016075410583618006,0.3942792265598115,0.3942792265598115
2021-12-28,MSFT,0.5966397317893692,0.002846015216391373,0.003900873406672674,0.29995384514093654,0.29995384514093654
2021-12-28,NVDA,0.7997889508907995,0.0006326603080741508,-0.0009562018929013191,0.39989303315924174,0.39989303315924174
